Workbook

Sheet Summary
A1: TMS Unbilled Broker Loads
A3: Report | B3: =Parameters!B2 -> Unbilled Broker Loads
A4: Company | B4: =Parameters!B3 -> Lakeshore Freight Logistics
A5: Accrual period | B5: =Parameters!B5 -> OCT-26
A6: As-of date | B6: =Parameters!B7 -> 46326
A7: Generated (CT) | B7: =Parameters!B8 -> 46325.578
A8: Generated by | B8: =Parameters!B10 -> mkeane
A10: Unbilled loads | B10: =COUNTA('Load Detail'!A2:A103) -> 102
A11: Linehaul | B11: =SUM('Load Detail'!I2:I103) -> 154190
A12: Fuel surcharge | B12: =SUM('Load Detail'!J2:J103) -> 29480
A13: Accessorials | B13: =SUM('Load Detail'!K2:K103) -> 2750
A14: Total unbilled cost | B14: =SUM(B11:B13) -> 186420
A16: GL debit | B16: =Parameters!B18 -> 5120-000 Purchased Transportation, Brokers
A17: GL credit | B17: =Parameters!B19 -> 2150-000 Accrued Freight
A18: Reversal | B18: =Parameters!B20 -> Auto-reverses on day 1 of the next period (NOV-26)
A20: Check: Load Detail total | B20: =B14-'Load Detail'!M105 -> 0
A21: Check: By Broker total | B21: =B14-'By Broker'!G9 -> 0
A22: Check: Aging total | B22: =B14-Aging!E6 -> 0

Sheet Load Detail
A1: Load # | B1: Broker | C1: Origin | D1: Destination | E1: Equipment | F1: Pickup date | G1: Delivery date | H1: Miles | I1: Linehaul | J1: Fuel surcharge | K1: Accessorials | L1: Accessorial detail | M1: Total cost | N1: Days since delivery | O1: Aging bucket | P1: Freight bill status | Q1: Freight pay note
A2: LFL-1046547 | B2: Ironbridge Logistics Brokerage LLC | C2: Gary, IN | D2: Memphis, TN | E2: Power only | F2: 46296 | G2: 46297 | H2: 528 | I2: 1110 | J2: 238 | M2: =SUM(I2:K2) -> 1348 | N2: =Parameters!$B$7-G2 -> 29 | O2: =IF(N2<=7,"0-7 days",IF(N2<=14,"8-14 days",IF(N2<=30,"15-30 days","Over 30 days"))) -> 15-30 days | P2: Monthly statement pending
A3: LFL-1046604 | B3: Ironbridge Logistics Brokerage LLC | C3: Gary, IN | D3: Dallas, TX | E3: Dry van 53 ft | F3: 46298 | G3: 46300 | H3: 932 | I3: 2095 | J3: 419 | M3: =SUM(I3:K3) -> 2514 | N3: =Parameters!$B$7-G3 -> 26 | O3: =IF(N3<=7,"0-7 days",IF(N3<=14,"8-14 days",IF(N3<=30,"15-30 days","Over 30 days"))) -> 15-30 days | P3: Monthly statement pending
A4: LFL-1046776 | B4: Ironbridge Logistics Brokerage LLC | C4: Memphis, TN | D4: Gary, IN | E4: Power only | F4: 46301 | G4: 46302 | H4: 528 | I4: 1135 | J4: 238 | M4: =SUM(I4:K4) -> 1373 | N4: =Parameters!$B$7-G4 -> 24 | O4: =IF(N4<=7,"0-7 days",IF(N4<=14,"8-14 days",IF(N4<=30,"15-30 days","Over 30 days"))) -> 15-30 days | P4: Monthly statement pending
A5: LFL-1046791 | B5: Ironbridge Logistics Brokerage LLC | C5: Gary, IN | D5: Houston, TX | E5: Dry van 53 ft | F5: 46302 | G5: 46304 | H5: 1061 | I5: 2130 | J5: 477 | K5: 100 | L5: Detention 2 hr | M5: =SUM(I5:K5) -> 2707 | N5: =Parameters!$B$7-G5 -> 22 | O5: =IF(N5<=7,"0-7 days",IF(N5<=14,"8-14 days",IF(N5<=30,"15-30 days","Over 30 days"))) -> 15-30 days | P5: Monthly statement pending
A6: LFL-1047051 | B6: Ironbridge Logistics Brokerage LLC | C6: Gary, IN | D6: Memphis, TN | E6: Power only | F6: 46307 | G6: 46308 | H6: 528 | I6: 1130 | J6: 238 | M6: =SUM(I6:K6) -> 1368 | N6: =Parameters!$B$7-G6 -> 18 | O6: =IF(N6<=7,"0-7 days",IF(N6<=14,"8-14 days",IF(N6<=30,"15-30 days","Over 30 days"))) -> 15-30 days | P6: Monthly statement pending
A7: LFL-1047147 | B7: Ironbridge Logistics Brokerage LLC | C7: Memphis, TN | D7: Columbus, OH | E7: Dry van 53 ft | F7: 46309 | G7: 46310 | H7: 585 | I7: 1435 | J7: 263 | M7: =SUM(I7:K7) -> 1698 | N7: =Parameters!$B$7-G7 -> 16 | O7: =IF(N7<=7,"0-7 days",IF(N7<=14,"8-14 days",IF(N7<=30,"15-30 days","Over 30 days"))) -> 15-30 days | P7: Monthly statement pending
A8: LFL-1047143 | B8: Ironbridge Logistics Brokerage LLC | C8: Gary, IN | D8: Dallas, TX | E8: Dry van 53 ft | F8: 46309 | G8: 46311 | H8: 932 | I8: 2025 | J8: 419 | M8: =SUM(I8:K8) -> 2444 | N8: =Parameters!$B$7-G8 -> 15 | O8: =IF(N8<=7,"0-7 days",IF(N8<=14,"8-14 days",IF(N8<=30,"15-30 days","Over 30 days"))) -> 15-30 days | P8: Monthly statement pending
A9: LFL-1047257 | B9: Ironbridge Logistics Brokerage LLC | C9: Gary, IN | D9: Atlanta, GA | E9: Dry van 53 ft | F9: 46312 | G9: 46314 | H9: 688 | I9: 1650 | J9: 310 | M9: =SUM(I9:K9) -> 1960 | N9: =Parameters!$B$7-G9 -> 12 | O9: =IF(N9<=7,"0-7 days",IF(N9<=14,"8-14 days",IF(N9<=30,"15-30 days","Over 30 days"))) -> 8-14 days | P9: Monthly statement pending
A10: LFL-1047391 | B10: Ironbridge Logistics Brokerage LLC | C10: Memphis, TN | D10: Gary, IN | E10: Power only | F10: 46315 | G10: 46316 | H10: 528 | I10: 1090 | J10: 238 | M10: =SUM(I10:K10) -> 1328 | N10: =Parameters!$B$7-G10 -> 10 | O10: =IF(N10<=7,"0-7 days",IF(N10<=14,"8-14 days",IF(N10<=30,"15-30 days","Over 30 days"))) -> 8-14 days | P10: Monthly statement pending
A11: LFL-1047455 | B11: Ironbridge Logistics Brokerage LLC | C11: Gary, IN | D11: Dallas, TX | E11: Dry van 53 ft | F11: 46316 | G11: 46318 | H11: 932 | I11: 2060 | J11: 419 | K11: 240 | L11: Lumper | M11: =SUM(I11:K11) -> 2719 | N11: =Parameters!$B$7-G11 -> 8 | O11: =IF(N11<=7,"0-7 days",IF(N11<=14,"8-14 days",IF(N11<=30,"15-30 days","Over 30 days"))) -> 8-14 days | P11: Monthly statement pending
A12: LFL-1047603 | B12: Ironbridge Logistics Brokerage LLC | C12: Gary, IN | D12: Houston, TX | E12: Dry van 53 ft | F12: 46319 | G12: 46321 | H12: 1061 | I12: 2190 | J12: 477 | M12: =SUM(I12:K12) -> 2667 | N12: =Parameters!$B$7-G12 -> 5 | O12: =IF(N12<=7,"0-7 days",IF(N12<=14,"8-14 days",IF(N12<=30,"15-30 days","Over 30 days"))) -> 0-7 days | P12: Monthly statement pending
A13: LFL-1047705 | B13: Ironbridge Logistics Brokerage LLC | C13: Gary, IN | D13: Memphis, TN | E13: Power only | F13: 46322 | G13: 46323 | H13: 528 | I13: 1145 | J13: 238 | M13: =SUM(I13:K13) -> 1383 | N13: =Parameters!$B$7-G13 -> 3 | O13: =IF(N13<=7,"0-7 days",IF(N13<=14,"8-14 days",IF(N13<=30,"15-30 days","Over 30 days"))) -> 0-7 days | P13: Monthly statement pending
A14: LFL-1047763 | B14: Ironbridge Logistics Brokerage LLC | C14: Memphis, TN | D14: Gary, IN | E14: Power only | F14: 46323 | G14: 46324 | H14: 528 | I14: 1080 | J14: 238 | M14: =SUM(I14:K14) -> 1318 | N14: =Parameters!$B$7-G14 -> 2 | O14: =IF(N14<=7,"0-7 days",IF(N14<=14,"8-14 days",IF(N14<=30,"15-30 days","Over 30 days"))) -> 0-7 days | P14: Monthly statement pending
A15: LFL-1046117 | B15: Copperline Freight Brokerage Inc. | C15: Gary, IN | D15: Harrisburg, PA | E15: Dry van 53 ft | F15: 46287 | G15: 46289 | H15: 668 | I15: 1605 | J15: 307 | M15: =SUM(I15:K15) -> 1912 | N15: =Parameters!$B$7-G15 -> 37 | O15: =IF(N15<=7,"0-7 days",IF(N15<=14,"8-14 days",IF(N15<=30,"15-30 days","Over 30 days"))) -> Over 30 days | P15: Received, on hold | Q15: Broker invoice adds a $250.00 layover that is not on the rate confirmation. Accrued at rate confirmation.
A16: LFL-1047063 | B16: Copperline Freight Brokerage Inc. | C16: Joliet, IL | D16: Allentown, PA | E16: Dry van 53 ft | F16: 46308 | G16: 46310 | H16: 772 | I16: 1750 | J16: 355 | M16: =SUM(I16:K16) -> 2105 | N16: =Parameters!$B$7-G16 -> 16 | O16: =IF(N16<=7,"0-7 days",IF(N16<=14,"8-14 days",IF(N16<=30,"15-30 days","Over 30 days"))) -> 15-30 days | P16: Not received
A17: LFL-1047150 | B17: Copperline Freight Brokerage Inc. | C17: Gary, IN | D17: Pittsburgh, PA | E17: Dry van 53 ft | F17: 46310 | G17: 46311 | H17: 437 | I17: 1260 | J17: 201 | K17: 100 | L17: Detention 2 hr | M17: =SUM(I17:K17) -> 1561 | N17: =Parameters!$B$7-G17 -> 15 | O17: =IF(N17<=7,"0-7 days",IF(N17<=14,"8-14 days",IF(N17<=30,"15-30 days","Over 30 days"))) -> 15-30 days | P17: Not received
A18: LFL-1047198 | B18: Copperline Freight Brokerage Inc. | C18: Gary, IN | D18: Cleveland, OH | E18: Dry van 53 ft | F18: 46311 | G18: 46314 | H18: 318 | I18: 915 | J18: 146 | M18: =SUM(I18:K18) -> 1061 | N18: =Parameters!$B$7-G18 -> 12 | O18: =IF(N18<=7,"0-7 days",IF(N18<=14,"8-14 days",IF(N18<=30,"15-30 days","Over 30 days"))) -> 8-14 days | P18: Not received
A19: LFL-1047287 | B19: Copperline Freight Brokerage Inc. | C19: Bolingbrook, IL | D19: Charlotte, NC | E19: Dry van 53 ft | F19: 46312 | G19: 46314 | H19: 783 | I19: 1745 | J19: 360 | M19: =SUM(I19:K19) -> 2105 | N19: =Parameters!$B$7-G19 -> 12 | O19: =IF(N19<=7,"0-7 days",IF(N19<=14,"8-14 days",IF(N19<=30,"15-30 days","Over 30 days"))) -> 8-14 days | P19: Not received
A20: LFL-1047358 | B20: Copperline Freight Brokerage Inc. | C20: Elk Grove Village, IL | D20: Buffalo, NY | E20: Dry van 53 ft | F20: 46314 | G20: 46315 | H20: 563 | I20: 1355 | J20: 259 | M20: =SUM(I20:K20) -> 1614 | N20: =Parameters!$B$7-G20 -> 11 | O20: =IF(N20<=7,"0-7 days",IF(N20<=14,"8-14 days",IF(N20<=30,"15-30 days","Over 30 days"))) -> 8-14 days | P20: Not received
A21: LFL-1047365 | B21: Copperline Freight Brokerage Inc. | C21: Gary, IN | D21: Columbus, OH | E21: Dry van 53 ft | F21: 46314 | G21: 46315 | H21: 331 | I21: 920 | J21: 152 | M21: =SUM(I21:K21) -> 1072 | N21: =Parameters!$B$7-G21 -> 11 | O21: =IF(N21<=7,"0-7 days",IF(N21<=14,"8-14 days",IF(N21<=30,"15-30 days","Over 30 days"))) -> 8-14 days | P21: Not received
A22: LFL-1047356 | B22: Copperline Freight Brokerage Inc. | C22: Gary, IN | D22: Edison, NJ | E22: Dry van 53 ft | F22: 46314 | G22: 46316 | H22: 791 | I22: 1830 | J22: 364 | K22: 275 | L22: Lumper | M22: =SUM(I22:K22) -> 2469 | N22: =Parameters!$B$7-G22 -> 10 | O22: =IF(N22<=7,"0-7 days",IF(N22<=14,"8-14 days",IF(N22<=30,"15-30 days","Over 30 days"))) -> 8-14 days | P22: Not received
A23: LFL-1047381 | B23: Copperline Freight Brokerage Inc. | C23: Gary, IN | D23: Baltimore, MD | E23: Dry van 53 ft | F23: 46315 | G23: 46317 | H23: 683 | I23: 1665 | J23: 314 | M23: =SUM(I23:K23) -> 1979 | N23: =Parameters!$B$7-G23 -> 9 | O23: =IF(N23<=7,"0-7 days",IF(N23<=14,"8-14 days",IF(N23<=30,"15-30 days","Over 30 days"))) -> 8-14 days | P23: Not received
A24: LFL-1047461 | B24: Copperline Freight Brokerage Inc. | C24: Joliet, IL | D24: Columbus, OH | E24: Dry van 53 ft | F24: 46316 | G24: 46317 | H24: 372 | I24: 1035 | J24: 171 | M24: =SUM(I24:K24) -> 1206 | N24: =Parameters!$B$7-G24 -> 9 | O24: =IF(N24<=7,"0-7 days",IF(N24<=14,"8-14 days",IF(N24<=30,"15-30 days","Over 30 days"))) -> 8-14 days | P24: Not received
A25: LFL-1047496 | B25: Copperline Freight Brokerage Inc. | C25: Gary, IN | D25: Cleveland, OH | E25: Dry van 53 ft | F25: 46317 | G25: 46318 | H25: 318 | I25: 910 | J25: 146 | M25: =SUM(I25:K25) -> 1056 | N25: =Parameters!$B$7-G25 -> 8 | O25: =IF(N25<=7,"0-7 days",IF(N25<=14,"8-14 days",IF(N25<=30,"15-30 days","Over 30 days"))) -> 8-14 days | P25: Not received
A26: LFL-1047571 | B26: Copperline Freight Brokerage Inc. | C26: Gary, IN | D26: Harrisburg, PA | E26: Dry van 53 ft | F26: 46319 | G26: 46321 | H26: 668 | I26: 1595 | J26: 307 | K26: 125 | L26: Stop-off (1) | M26: =SUM(I26:K26) -> 2027 | N26: =Parameters!$B$7-G26 -> 5 | O26: =IF(N26<=7,"0-7 days",IF(N26<=14,"8-14 days",IF(N26<=30,"15-30 days","Over 30 days"))) -> 0-7 days | P26: Not received
A27: LFL-1047596 | B27: Copperline Freight Brokerage Inc. | C27: Joliet, IL | D27: Allentown, PA | E27: Dry van 53 ft | F27: 46319 | G27: 46321 | H27: 772 | I27: 1740 | J27: 355 | M27: =SUM(I27:K27) -> 2095 | N27: =Parameters!$B$7-G27 -> 5 | O27: =IF(N27<=7,"0-7 days",IF(N27<=14,"8-14 days",IF(N27<=30,"15-30 days","Over 30 days"))) -> 0-7 days | P27: Not received
A28: LFL-1047546 | B28: Copperline Freight Brokerage Inc. | C28: Bolingbrook, IL | D28: Charlotte, NC | E28: Dry van 53 ft | F28: 46318 | G28: 46322 | H28: 783 | I28: 1800 | J28: 360 | M28: =SUM(I28:K28) -> 2160 | N28: =Parameters!$B$7-G28 -> 4 | O28: =IF(N28<=7,"0-7 days",IF(N28<=14,"8-14 days",IF(N28<=30,"15-30 days","Over 30 days"))) -> 0-7 days | P28: Not received
A29: LFL-1047686 | B29: Copperline Freight Brokerage Inc. | C29: Gary, IN | D29: Pittsburgh, PA | E29: Dry van 53 ft | F29: 46321 | G29: 46322 | H29: 437 | I29: 1205 | J29: 201 | M29: =SUM(I29:K29) -> 1406 | N29: =Parameters!$B$7-G29 -> 4 | O29: =IF(N29<=7,"0-7 days",IF(N29<=14,"8-14 days",IF(N29<=30,"15-30 days","Over 30 days"))) -> 0-7 days | P29: Not received
A30: LFL-1047670 | B30: Copperline Freight Brokerage Inc. | C30: Gary, IN | D30: Edison, NJ | E30: Dry van 53 ft | F30: 46321 | G30: 46323 | H30: 791 | I30: 1755 | J30: 364 | M30: =SUM(I30:K30) -> 2119 | N30: =Parameters!$B$7-G30 -> 3 | O30: =IF(N30<=7,"0-7 days",IF(N30<=14,"8-14 days",IF(N30<=30,"15-30 days","Over 30 days"))) -> 0-7 days | P30: Not received
A31: LFL-1047708 | B31: Copperline Freight Brokerage Inc. | C31: Elk Grove Village, IL | D31: Buffalo, NY | E31: Dry van 53 ft | F31: 46322 | G31: 46323 | H31: 563 | I31: 1385 | J31: 259 | M31: =SUM(I31:K31) -> 1644 | N31: =Parameters!$B$7-G31 -> 3 | O31: =IF(N31<=7,"0-7 days",IF(N31<=14,"8-14 days",IF(N31<=30,"15-30 days","Over 30 days"))) -> 0-7 days | P31: Not received
A32: LFL-1047702 | B32: Copperline Freight Brokerage Inc. | C32: Gary, IN | D32: Baltimore, MD | E32: Dry van 53 ft | F32: 46322 | G32: 46324 | H32: 683 | I32: 1710 | J32: 314 | K32: 75 | L32: Detention 1.5 hr | M32: =SUM(I32:K32) -> 2099 | N32: =Parameters!$B$7-G32 -> 2 | O32: =IF(N32<=7,"0-7 days",IF(N32<=14,"8-14 days",IF(N32<=30,"15-30 days","Over 30 days"))) -> 0-7 days | P32: Not received
A33: LFL-1047760 | B33: Copperline Freight Brokerage Inc. | C33: Gary, IN | D33: Columbus, OH | E33: Dry van 53 ft | F33: 46323 | G33: 46324 | H33: 331 | I33: 935 | J33: 152 | M33: =SUM(I33:K33) -> 1087 | N33: =Parameters!$B$7-G33 -> 2 | O33: =IF(N33<=7,"0-7 days",IF(N33<=14,"8-14 days",IF(N33<=30,"15-30 days","Over 30 days"))) -> 0-7 days | P33: Not received
A34: LFL-1047786 | B34: Copperline Freight Brokerage Inc. | C34: Joliet, IL | D34: Allentown, PA | E34: Dry van 53 ft | F34: 46323 | G34: 46325 | H34: 772 | I34: 1690 | J34: 355 | M34: =SUM(I34:K34) -> 2045 | N34: =Parameters!$B$7-G34 -> 1 | O34: =IF(N34<=7,"0-7 days",IF(N34<=14,"8-14 days",IF(N34<=30,"15-30 days","Over 30 days"))) -> 0-7 days | P34: Not received
A35: LFL-1047814 | B35: Copperline Freight Brokerage Inc. | C35: Joliet, IL | D35: Columbus, OH | E35: Dry van 53 ft | F35: 46324 | G35: 46325 | H35: 372 | I35: 1005 | J35: 171 | M35: =SUM(I35:K35) -> 1176 | N35: =Parameters!$B$7-G35 -> 1 | O35: =IF(N35<=7,"0-7 days",IF(N35<=14,"8-14 days",IF(N35<=30,"15-30 days","Over 30 days"))) -> 0-7 days | P35: Not received
A36: LFL-1046814 | B36: Kestrel Lane Logistics LLC | C36: Memphis, TN | D36: Laredo, TX | E36: Dry van 53 ft | F36: 46302 | G36: 46304 | H36: 878 | I36: 1930 | J36: 386 | K36: 75 | L36: Detention 1.5 hr | M36: =SUM(I36:K36) -> 2391 | N36: =Parameters!$B$7-G36 -> 22 | O36: =IF(N36<=7,"0-7 days",IF(N36<=14,"8-14 days",IF(N36<=30,"15-30 days","Over 30 days"))) -> 15-30 days | P36: Received, on hold | Q36: Broker billed 3 hr detention; 1.5 hr approved per check-in times. Accrued at the approved amount.
A37: LFL-1047087 | B37: Kestrel Lane Logistics LLC | C37: Memphis, TN | D37: Dallas, TX | E37: Dry van 53 ft | F37: 46308 | G37: 46309 | H37: 452 | I37: 1105 | J37: 199 | M37: =SUM(I37:K37) -> 1304 | N37: =Parameters!$B$7-G37 -> 17 | O37: =IF(N37<=7,"0-7 days",IF(N37<=14,"8-14 days",IF(N37<=30,"15-30 days","Over 30 days"))) -> 15-30 days | P37: Not received
A38: LFL-1047178 | B38: Kestrel Lane Logistics LLC | C38: Memphis, TN | D38: Houston, TX | E38: Dry van 53 ft | F38: 46310 | G38: 46311 | H38: 563 | I38: 1345 | J38: 248 | M38: =SUM(I38:K38) -> 1593 | N38: =Parameters!$B$7-G38 -> 15 | O38: =IF(N38<=7,"0-7 days",IF(N38<=14,"8-14 days",IF(N38<=30,"15-30 days","Over 30 days"))) -> 15-30 days | P38: Not received
A39: LFL-1047242 | B39: Kestrel Lane Logistics LLC | C39: Memphis, TN | D39: San Antonio, TX | E39: Dry van 53 ft | F39: 46312 | G39: 46314 | H39: 725 | I39: 1580 | J39: 319 | M39: =SUM(I39:K39) -> 1899 | N39: =Parameters!$B$7-G39 -> 12 | O39: =IF(N39<=7,"0-7 days",IF(N39<=14,"8-14 days",IF(N39<=30,"15-30 days","Over 30 days"))) -> 8-14 days | P39: Not received
A40: LFL-1047355 | B40: Kestrel Lane Logistics LLC | C40: Memphis, TN | D40: Oklahoma City, OK | E40: Dry van 53 ft | F40: 46314 | G40: 46315 | H40: 467 | I40: 1155 | J40: 205 | M40: =SUM(I40:K40) -> 1360 | N40: =Parameters!$B$7-G40 -> 11 | O40: =IF(N40<=7,"0-7 days",IF(N40<=14,"8-14 days",IF(N40<=30,"15-30 days","Over 30 days"))) -> 8-14 days | P40: Not received
A41: LFL-1047348 | B41: Kestrel Lane Logistics LLC | C41: Memphis, TN | D41: El Paso, TX | E41: Dry van 53 ft | F41: 46314 | G41: 46316 | H41: 1080 | I41: 2180 | J41: 475 | M41: =SUM(I41:K41) -> 2655 | N41: =Parameters!$B$7-G41 -> 10 | O41: =IF(N41<=7,"0-7 days",IF(N41<=14,"8-14 days",IF(N41<=30,"15-30 days","Over 30 days"))) -> 8-14 days | P41: Not received
A42: LFL-1047398 | B42: Kestrel Lane Logistics LLC | C42: Memphis, TN | D42: San Antonio, TX | E42: Dry van 53 ft | F42: 46315 | G42: 46317 | H42: 725 | I42: 1680 | J42: 319 | M42: =SUM(I42:K42) -> 1999 | N42: =Parameters!$B$7-G42 -> 9 | O42: =IF(N42<=7,"0-7 days",IF(N42<=14,"8-14 days",IF(N42<=30,"15-30 days","Over 30 days"))) -> 8-14 days | P42: Not received
A43: LFL-1047465 | B43: Kestrel Lane Logistics LLC | C43: Olive Branch, MS | D43: Dallas, TX | E43: Dry van 53 ft | F43: 46316 | G43: 46317 | H43: 470 | I43: 1145 | J43: 207 | K43: 75 | L43: Driver assist | M43: =SUM(I43:K43) -> 1427 | N43: =Parameters!$B$7-G43 -> 9 | O43: =IF(N43<=7,"0-7 days",IF(N43<=14,"8-14 days",IF(N43<=30,"15-30 days","Over 30 days"))) -> 8-14 days | P43: Not received
A44: LFL-1047392 | B44: Kestrel Lane Logistics LLC | C44: Memphis, TN | D44: Phoenix, AZ | E44: Dry van 53 ft | F44: 46315 | G44: 46318 | H44: 1462 | I44: 2945 | J44: 643 | M44: =SUM(I44:K44) -> 3588 | N44: =Parameters!$B$7-G44 -> 8 | O44: =IF(N44<=7,"0-7 days",IF(N44<=14,"8-14 days",IF(N44<=30,"15-30 days","Over 30 days"))) -> 8-14 days | P44: Not received
A45: LFL-1047473 | B45: Kestrel Lane Logistics LLC | C45: Memphis, TN | D45: Dallas, TX | E45: Dry van 53 ft | F45: 46317 | G45: 46318 | H45: 452 | I45: 1135 | J45: 199 | M45: =SUM(I45:K45) -> 1334 | N45: =Parameters!$B$7-G45 -> 8 | O45: =IF(N45<=7,"0-7 days",IF(N45<=14,"8-14 days",IF(N45<=30,"15-30 days","Over 30 days"))) -> 8-14 days | P45: Not received
A46: LFL-1047543 | B46: Kestrel Lane Logistics LLC | C46: Memphis, TN | D46: Houston, TX | E46: Dry van 53 ft | F46: 46318 | G46: 46321 | H46: 563 | I46: 1360 | J46: 248 | M46: =SUM(I46:K46) -> 1608 | N46: =Parameters!$B$7-G46 -> 5 | O46: =IF(N46<=7,"0-7 days",IF(N46<=14,"8-14 days",IF(N46<=30,"15-30 days","Over 30 days"))) -> 0-7 days | P46: Not received
A47: LFL-1047518 | B47: Kestrel Lane Logistics LLC | C47: Memphis, TN | D47: San Antonio, TX | E47: Dry van 53 ft | F47: 46318 | G47: 46322 | H47: 725 | I47: 1665 | J47: 319 | K47: 100 | L47: Detention 2 hr | M47: =SUM(I47:K47) -> 2084 | N47: =Parameters!$B$7-G47 -> 4 | O47: =IF(N47<=7,"0-7 days",IF(N47<=14,"8-14 days",IF(N47<=30,"15-30 days","Over 30 days"))) -> 0-7 days | P47: Not received
A48: LFL-1047555 | B48: Kestrel Lane Logistics LLC | C48: Memphis, TN | D48: Laredo, TX | E48: Dry van 53 ft | F48: 46318 | G48: 46322 | H48: 878 | I48: 1975 | J48: 386 | M48: =SUM(I48:K48) -> 2361 | N48: =Parameters!$B$7-G48 -> 4 | O48: =IF(N48<=7,"0-7 days",IF(N48<=14,"8-14 days",IF(N48<=30,"15-30 days","Over 30 days"))) -> 0-7 days | P48: Not received
A49: LFL-1047694 | B49: Kestrel Lane Logistics LLC | C49: Memphis, TN | D49: El Paso, TX | E49: Dry van 53 ft | F49: 46321 | G49: 46323 | H49: 1080 | I49: 2175 | J49: 475 | M49: =SUM(I49:K49) -> 2650 | N49: =Parameters!$B$7-G49 -> 3 | O49: =IF(N49<=7,"0-7 days",IF(N49<=14,"8-14 days",IF(N49<=30,"15-30 days","Over 30 days"))) -> 0-7 days | P49: Not received
A50: LFL-1047715 | B50: Kestrel Lane Logistics LLC | C50: Memphis, TN | D50: Oklahoma City, OK | E50: Dry van 53 ft | F50: 46322 | G50: 46323 | H50: 467 | I50: 1115 | J50: 205 | M50: =SUM(I50:K50) -> 1320 | N50: =Parameters!$B$7-G50 -> 3 | O50: =IF(N50<=7,"0-7 days",IF(N50<=14,"8-14 days",IF(N50<=30,"15-30 days","Over 30 days"))) -> 0-7 days | P50: Not received
A51: LFL-1047776 | B51: Kestrel Lane Logistics LLC | C51: Olive Branch, MS | D51: Dallas, TX | E51: Dry van 53 ft | F51: 46323 | G51: 46324 | H51: 470 | I51: 1115 | J51: 207 | M51: =SUM(I51:K51) -> 1322 | N51: =Parameters!$B$7-G51 -> 2 | O51: =IF(N51<=7,"0-7 days",IF(N51<=14,"8-14 days",IF(N51<=30,"15-30 days","Over 30 days"))) -> 0-7 days | P51: Not received
A52: LFL-1047795 | B52: Kestrel Lane Logistics LLC | C52: Memphis, TN | D52: Dallas, TX | E52: Dry van 53 ft | F52: 46324 | G52: 46325 | H52: 452 | I52: 1120 | J52: 199 | M52: =SUM(I52:K52) -> 1319 | N52: =Parameters!$B$7-G52 -> 1 | O52: =IF(N52<=7,"0-7 days",IF(N52<=14,"8-14 days",IF(N52<=30,"15-30 days","Over 30 days"))) -> 0-7 days | P52: Not received
A53: LFL-1047812 | B53: Kestrel Lane Logistics LLC | C53: Memphis, TN | D53: Houston, TX | E53: Dry van 53 ft | F53: 46324 | G53: 46325 | H53: 563 | I53: 1415 | J53: 248 | M53: =SUM(I53:K53) -> 1663 | N53: =Parameters!$B$7-G53 -> 1 | O53: =IF(N53<=7,"0-7 days",IF(N53<=14,"8-14 days",IF(N53<=30,"15-30 days","Over 30 days"))) -> 0-7 days | P53: Not received
A54: LFL-1046603 | B54: Sable Creek Freight Partners LLC | C54: Joliet, IL | D54: Orlando, FL | E54: Reefer 53 ft | F54: 46298 | G54: 46301 | H54: 1160 | I54: 2670 | J54: 545 | K54: 285 | L54: Lumper | M54: =SUM(I54:K54) -> 3500 | N54: =Parameters!$B$7-G54 -> 25 | O54: =IF(N54<=7,"0-7 days",IF(N54<=14,"8-14 days",IF(N54<=30,"15-30 days","Over 30 days"))) -> 15-30 days | P54: Received, on hold | Q54: Invoice received 10/09; lumper receipt missing. Broker asked to resubmit with the receipt.
A55: LFL-1046913 | B55: Sable Creek Freight Partners LLC | C55: Bolingbrook, IL | D55: Atlanta, GA | E55: Reefer 53 ft | F55: 46304 | G55: 46308 | H55: 735 | I55: 1865 | J55: 345 | M55: =SUM(I55:K55) -> 2210 | N55: =Parameters!$B$7-G55 -> 18 | O55: =IF(N55<=7,"0-7 days",IF(N55<=14,"8-14 days",IF(N55<=30,"15-30 days","Over 30 days"))) -> 15-30 days | P55: Not received
A56: LFL-1047116 | B56: Sable Creek Freight Partners LLC | C56: Gary, IN | D56: Atlanta, GA | E56: Dry van 53 ft | F56: 46309 | G56: 46311 | H56: 688 | I56: 1650 | J56: 323 | M56: =SUM(I56:K56) -> 1973 | N56: =Parameters!$B$7-G56 -> 15 | O56: =IF(N56<=7,"0-7 days",IF(N56<=14,"8-14 days",IF(N56<=30,"15-30 days","Over 30 days"))) -> 15-30 days | P56: Not received
A57: LFL-1047253 | B57: Sable Creek Freight Partners LLC | C57: Elk Grove Village, IL | D57: Jacksonville, FL | E57: Reefer 53 ft | F57: 46312 | G57: 46314 | H57: 1060 | I57: 2460 | J57: 498 | K57: 310 | L57: Lumper | M57: =SUM(I57:K57) -> 3268 | N57: =Parameters!$B$7-G57 -> 12 | O57: =IF(N57<=7,"0-7 days",IF(N57<=14,"8-14 days",IF(N57<=30,"15-30 days","Over 30 days"))) -> 8-14 days | P57: Not received
A58: LFL-1047208 | B58: Sable Creek Freight Partners LLC | C58: Gary, IN | D58: Charlotte, NC | E58: Dry van 53 ft | F58: 46311 | G58: 46315 | H58: 742 | I58: 1700 | J58: 349 | M58: =SUM(I58:K58) -> 2049 | N58: =Parameters!$B$7-G58 -> 11 | O58: =IF(N58<=7,"0-7 days",IF(N58<=14,"8-14 days",IF(N58<=30,"15-30 days","Over 30 days"))) -> 8-14 days | P58: Not received
A59: LFL-1047218 | B59: Sable Creek Freight Partners LLC | C59: Romeoville, IL | D59: Tampa, FL | E59: Reefer 53 ft | F59: 46311 | G59: 46316 | H59: 1175 | I59: 2745 | J59: 552 | M59: =SUM(I59:K59) -> 3297 | N59: =Parameters!$B$7-G59 -> 10 | O59: =IF(N59<=7,"0-7 days",IF(N59<=14,"8-14 days",IF(N59<=30,"15-30 days","Over 30 days"))) -> 8-14 days | P59: Not received
A60: LFL-1047404 | B60: Sable Creek Freight Partners LLC | C60: Gary, IN | D60: Charlotte, NC | E60: Dry van 53 ft | F60: 46315 | G60: 46317 | H60: 742 | I60: 1700 | J60: 349 | M60: =SUM(I60:K60) -> 2049 | N60: =Parameters!$B$7-G60 -> 9 | O60: =IF(N60<=7,"0-7 days",IF(N60<=14,"8-14 days",IF(N60<=30,"15-30 days","Over 30 days"))) -> 8-14 days | P60: Not received
A61: LFL-1047433 | B61: Sable Creek Freight Partners LLC | C61: Bolingbrook, IL | D61: Atlanta, GA | E61: Reefer 53 ft | F61: 46316 | G61: 46318 | H61: 735 | I61: 1885 | J61: 345 | M61: =SUM(I61:K61) -> 2230 | N61: =Parameters!$B$7-G61 -> 8 | O61: =IF(N61<=7,"0-7 days",IF(N61<=14,"8-14 days",IF(N61<=30,"15-30 days","Over 30 days"))) -> 8-14 days | P61: Not received
A62: LFL-1047547 | B62: Sable Creek Freight Partners LLC | C62: Joliet, IL | D62: Orlando, FL | E62: Reefer 53 ft | F62: 46318 | G62: 46321 | H62: 1160 | I62: 2695 | J62: 545 | M62: =SUM(I62:K62) -> 3240 | N62: =Parameters!$B$7-G62 -> 5 | O62: =IF(N62<=7,"0-7 days",IF(N62<=14,"8-14 days",IF(N62<=30,"15-30 days","Over 30 days"))) -> 0-7 days | P62: Not received
A63: LFL-1047601 | B63: Sable Creek Freight Partners LLC | C63: Gary, IN | D63: Atlanta, GA | E63: Dry van 53 ft | F63: 46319 | G63: 46321 | H63: 688 | I63: 1715 | J63: 323 | K63: 100 | L63: Detention 2 hr | M63: =SUM(I63:K63) -> 2138 | N63: =Parameters!$B$7-G63 -> 5 | O63: =IF(N63<=7,"0-7 days",IF(N63<=14,"8-14 days",IF(N63<=30,"15-30 days","Over 30 days"))) -> 0-7 days | P63: Not received
A64: LFL-1047545 | B64: Sable Creek Freight Partners LLC | C64: Elk Grove Village, IL | D64: Jacksonville, FL | E64: Reefer 53 ft | F64: 46318 | G64: 46322 | H64: 1060 | I64: 2510 | J64: 498 | M64: =SUM(I64:K64) -> 3008 | N64: =Parameters!$B$7-G64 -> 4 | O64: =IF(N64<=7,"0-7 days",IF(N64<=14,"8-14 days",IF(N64<=30,"15-30 days","Over 30 days"))) -> 0-7 days | P64: Not received
A65: LFL-1047550 | B65: Sable Creek Freight Partners LLC | C65: Romeoville, IL | D65: Tampa, FL | E65: Reefer 53 ft | F65: 46318 | G65: 46323 | H65: 1175 | I65: 2720 | J65: 552 | K65: 265 | L65: Lumper | M65: =SUM(I65:K65) -> 3537 | N65: =Parameters!$B$7-G65 -> 3 | O65: =IF(N65<=7,"0-7 days",IF(N65<=14,"8-14 days",IF(N65<=30,"15-30 days","Over 30 days"))) -> 0-7 days | P65: Not received
A66: LFL-1047713 | B66: Sable Creek Freight Partners LLC | C66: Gary, IN | D66: Charlotte, NC | E66: Dry van 53 ft | F66: 46322 | G66: 46324 | H66: 742 | I66: 1665 | J66: 349 | M66: =SUM(I66:K66) -> 2014 | N66: =Parameters!$B$7-G66 -> 2 | O66: =IF(N66<=7,"0-7 days",IF(N66<=14,"8-14 days",IF(N66<=30,"15-30 days","Over 30 days"))) -> 0-7 days | P66: Not received
A67: LFL-1047764 | B67: Sable Creek Freight Partners LLC | C67: Bolingbrook, IL | D67: Atlanta, GA | E67: Reefer 53 ft | F67: 46323 | G67: 46325 | H67: 735 | I67: 1845 | J67: 345 | M67: =SUM(I67:K67) -> 2190 | N67: =Parameters!$B$7-G67 -> 1 | O67: =IF(N67<=7,"0-7 days",IF(N67<=14,"8-14 days",IF(N67<=30,"15-30 days","Over 30 days"))) -> 0-7 days | P67: Not received
A68: LFL-1047765 | B68: Sable Creek Freight Partners LLC | C68: Gary, IN | D68: Atlanta, GA | E68: Dry van 53 ft | F68: 46323 | G68: 46325 | H68: 688 | I68: 1730 | J68: 323 | M68: =SUM(I68:K68) -> 2053 | N68: =Parameters!$B$7-G68 -> 1 | O68: =IF(N68<=7,"0-7 days",IF(N68<=14,"8-14 days",IF(N68<=30,"15-30 days","Over 30 days"))) -> 0-7 days | P68: Not received
A69: LFL-1047021 | B69: Larkfield Transport Brokerage LLC | C69: Gary, IN | D69: Denver, CO | E69: Dry van 53 ft | F69: 46307 | G69: 46309 | H69: 1024 | I69: 2145 | J69: 461 | M69: =SUM(I69:K69) -> 2606 | N69: =Parameters!$B$7-G69 -> 17 | O69: =IF(N69<=7,"0-7 days",IF(N69<=14,"8-14 days",IF(N69<=30,"15-30 days","Over 30 days"))) -> 15-30 days | P69: Received, on hold | Q69: Invoice received without a signed POD. Requested from broker 10/20.
A70: LFL-1047122 | B70: Larkfield Transport Brokerage LLC | C70: Gary, IN | D70: Minneapolis, MN | E70: Dry van 53 ft | F70: 46309 | G70: 46310 | H70: 433 | I70: 1175 | J70: 195 | M70: =SUM(I70:K70) -> 1370 | N70: =Parameters!$B$7-G70 -> 16 | O70: =IF(N70<=7,"0-7 days",IF(N70<=14,"8-14 days",IF(N70<=30,"15-30 days","Over 30 days"))) -> 15-30 days | P70: Not received
A71: LFL-1047207 | B71: Larkfield Transport Brokerage LLC | C71: Romeoville, IL | D71: Omaha, NE | E71: Dry van 53 ft | F71: 46311 | G71: 46314 | H71: 465 | I71: 1170 | J71: 209 | M71: =SUM(I71:K71) -> 1379 | N71: =Parameters!$B$7-G71 -> 12 | O71: =IF(N71<=7,"0-7 days",IF(N71<=14,"8-14 days",IF(N71<=30,"15-30 days","Over 30 days"))) -> 8-14 days | P71: Not received
A72: LFL-1047347 | B72: Larkfield Transport Brokerage LLC | C72: Gary, IN | D72: Kansas City, MO | E72: Dry van 53 ft | F72: 46314 | G72: 46315 | H72: 531 | I72: 1315 | J72: 239 | M72: =SUM(I72:K72) -> 1554 | N72: =Parameters!$B$7-G72 -> 11 | O72: =IF(N72<=7,"0-7 days",IF(N72<=14,"8-14 days",IF(N72<=30,"15-30 days","Over 30 days"))) -> 8-14 days | P72: Not received
A73: LFL-1047353 | B73: Larkfield Transport Brokerage LLC | C73: Gary, IN | D73: Denver, CO | E73: Dry van 53 ft | F73: 46314 | G73: 46316 | H73: 1024 | I73: 2170 | J73: 461 | M73: =SUM(I73:K73) -> 2631 | N73: =Parameters!$B$7-G73 -> 10 | O73: =IF(N73<=7,"0-7 days",IF(N73<=14,"8-14 days",IF(N73<=30,"15-30 days","Over 30 days"))) -> 8-14 days | P73: Not received
A74: LFL-1047368 | B74: Larkfield Transport Brokerage LLC | C74: Bolingbrook, IL | D74: Salt Lake City, UT | E74: Dry van 53 ft | F74: 46314 | G74: 46317 | H74: 1390 | I74: 2960 | J74: 626 | M74: =SUM(I74:K74) -> 3586 | N74: =Parameters!$B$7-G74 -> 9 | O74: =IF(N74<=7,"0-7 days",IF(N74<=14,"8-14 days",IF(N74<=30,"15-30 days","Over 30 days"))) -> 8-14 days | P74: Not received
A75: LFL-1047451 | B75: Larkfield Transport Brokerage LLC | C75: Gary, IN | D75: Minneapolis, MN | E75: Dry van 53 ft | F75: 46316 | G75: 46317 | H75: 433 | I75: 1250 | J75: 195 | M75: =SUM(I75:K75) -> 1445 | N75: =Parameters!$B$7-G75 -> 9 | O75: =IF(N75<=7,"0-7 days",IF(N75<=14,"8-14 days",IF(N75<=30,"15-30 days","Over 30 days"))) -> 8-14 days | P75: Not received
A76: LFL-1047497 | B76: Larkfield Transport Brokerage LLC | C76: Gary, IN | D76: Des Moines, IA | E76: Dry van 53 ft | F76: 46317 | G76: 46318 | H76: 360 | I76: 1005 | J76: 162 | K76: 125 | L76: Stop-off (1) | M76: =SUM(I76:K76) -> 1292 | N76: =Parameters!$B$7-G76 -> 8 | O76: =IF(N76<=7,"0-7 days",IF(N76<=14,"8-14 days",IF(N76<=30,"15-30 days","Over 30 days"))) -> 8-14 days | P76: Not received
A77: LFL-1047595 | B77: Larkfield Transport Brokerage LLC | C77: Gary, IN | D77: Denver, CO | E77: Dry van 53 ft | F77: 46319 | G77: 46321 | H77: 1024 | I77: 2075 | J77: 461 | M77: =SUM(I77:K77) -> 2536 | N77: =Parameters!$B$7-G77 -> 5 | O77: =IF(N77<=7,"0-7 days",IF(N77<=14,"8-14 days",IF(N77<=30,"15-30 days","Over 30 days"))) -> 0-7 days | P77: Not received
A78: LFL-1047664 | B78: Larkfield Transport Brokerage LLC | C78: Gary, IN | D78: Minneapolis, MN | E78: Dry van 53 ft | F78: 46321 | G78: 46322 | H78: 433 | I78: 1240 | J78: 195 | M78: =SUM(I78:K78) -> 1435 | N78: =Parameters!$B$7-G78 -> 4 | O78: =IF(N78<=7,"0-7 days",IF(N78<=14,"8-14 days",IF(N78<=30,"15-30 days","Over 30 days"))) -> 0-7 days | P78: Not received
A79: LFL-1047706 | B79: Larkfield Transport Brokerage LLC | C79: Romeoville, IL | D79: Omaha, NE | E79: Dry van 53 ft | F79: 46322 | G79: 46323 | H79: 465 | I79: 1095 | J79: 209 | M79: =SUM(I79:K79) -> 1304 | N79: =Parameters!$B$7-G79 -> 3 | O79: =IF(N79<=7,"0-7 days",IF(N79<=14,"8-14 days",IF(N79<=30,"15-30 days","Over 30 days"))) -> 0-7 days | P79: Not received
A80: LFL-1047677 | B80: Larkfield Transport Brokerage LLC | C80: Bolingbrook, IL | D80: Salt Lake City, UT | E80: Dry van 53 ft | F80: 46321 | G80: 46324 | H80: 1390 | I80: 2925 | J80: 626 | K80: 100 | L80: Detention 2 hr | M80: =SUM(I80:K80) -> 3651 | N80: =Parameters!$B$7-G80 -> 2 | O80: =IF(N80<=7,"0-7 days",IF(N80<=14,"8-14 days",IF(N80<=30,"15-30 days","Over 30 days"))) -> 0-7 days | P80: Not received
A81: LFL-1047780 | B81: Larkfield Transport Brokerage LLC | C81: Gary, IN | D81: Kansas City, MO | E81: Dry van 53 ft | F81: 46323 | G81: 46324 | H81: 531 | I81: 1325 | J81: 239 | M81: =SUM(I81:K81) -> 1564 | N81: =Parameters!$B$7-G81 -> 2 | O81: =IF(N81<=7,"0-7 days",IF(N81<=14,"8-14 days",IF(N81<=30,"15-30 days","Over 30 days"))) -> 0-7 days | P81: Not received
A82: LFL-1047830 | B82: Larkfield Transport Brokerage LLC | C82: Gary, IN | D82: Des Moines, IA | E82: Dry van 53 ft | F82: 46324 | G82: 46325 | H82: 360 | I82: 1000 | J82: 162 | M82: =SUM(I82:K82) -> 1162 | N82: =Parameters!$B$7-G82 -> 1 | O82: =IF(N82<=7,"0-7 days",IF(N82<=14,"8-14 days",IF(N82<=30,"15-30 days","Over 30 days"))) -> 0-7 days | P82: Not received
A83: LFL-1047123 | B83: Millrace Logistics Group Inc. | C83: Memphis, TN | D83: Jacksonville, FL | E83: Dry van 53 ft | F83: 46309 | G83: 46311 | H83: 693 | I83: 1735 | J83: 319 | M83: =SUM(I83:K83) -> 2054 | N83: =Parameters!$B$7-G83 -> 15 | O83: =IF(N83<=7,"0-7 days",IF(N83<=14,"8-14 days",IF(N83<=30,"15-30 days","Over 30 days"))) -> 15-30 days | P83: Not received
A84: LFL-1047231 | B84: Millrace Logistics Group Inc. | C84: Memphis, TN | D84: Atlanta, GA | E84: Dry van 53 ft | F84: 46311 | G84: 46314 | H84: 389 | I84: 1080 | J84: 179 | M84: =SUM(I84:K84) -> 1259 | N84: =Parameters!$B$7-G84 -> 12 | O84: =IF(N84<=7,"0-7 days",IF(N84<=14,"8-14 days",IF(N84<=30,"15-30 days","Over 30 days"))) -> 8-14 days | P84: Not received
A85: LFL-1047364 | B85: Millrace Logistics Group Inc. | C85: Memphis, TN | D85: Birmingham, AL | E85: Dry van 53 ft | F85: 46314 | G85: 46315 | H85: 241 | I85: 795 | J85: 111 | M85: =SUM(I85:K85) -> 906 | N85: =Parameters!$B$7-G85 -> 11 | O85: =IF(N85<=7,"0-7 days",IF(N85<=14,"8-14 days",IF(N85<=30,"15-30 days","Over 30 days"))) -> 8-14 days | P85: Not received
A86: LFL-1047371 | B86: Millrace Logistics Group Inc. | C86: Memphis, TN | D86: Charlotte, NC | E86: Dry van 53 ft | F86: 46314 | G86: 46316 | H86: 620 | I86: 1490 | J86: 285 | M86: =SUM(I86:K86) -> 1775 | N86: =Parameters!$B$7-G86 -> 10 | O86: =IF(N86<=7,"0-7 days",IF(N86<=14,"8-14 days",IF(N86<=30,"15-30 days","Over 30 days"))) -> 8-14 days | P86: Not received
A87: LFL-1047470 | B87: Millrace Logistics Group Inc. | C87: Gary, IN | D87: Nashville, TN | E87: Dry van 53 ft | F87: 46316 | G87: 46317 | H87: 447 | I87: 1270 | J87: 206 | K87: 225 | L87: Lumper | M87: =SUM(I87:K87) -> 1701 | N87: =Parameters!$B$7-G87 -> 9 | O87: =IF(N87<=7,"0-7 days",IF(N87<=14,"8-14 days",IF(N87<=30,"15-30 days","Over 30 days"))) -> 8-14 days | P87: Not received
A88: LFL-1047506 | B88: Millrace Logistics Group Inc. | C88: Southaven, MS | D88: Louisville, KY | E88: Dry van 53 ft | F88: 46317 | G88: 46318 | H88: 392 | I88: 1090 | J88: 180 | M88: =SUM(I88:K88) -> 1270 | N88: =Parameters!$B$7-G88 -> 8 | O88: =IF(N88<=7,"0-7 days",IF(N88<=14,"8-14 days",IF(N88<=30,"15-30 days","Over 30 days"))) -> 8-14 days | P88: Not received
A89: LFL-1047554 | B89: Millrace Logistics Group Inc. | C89: Memphis, TN | D89: Birmingham, AL | E89: Dry van 53 ft | F89: 46318 | G89: 46321 | H89: 241 | I89: 760 | J89: 111 | M89: =SUM(I89:K89) -> 871 | N89: =Parameters!$B$7-G89 -> 5 | O89: =IF(N89<=7,"0-7 days",IF(N89<=14,"8-14 days",IF(N89<=30,"15-30 days","Over 30 days"))) -> 0-7 days | P89: Not received
A90: LFL-1047548 | B90: Millrace Logistics Group Inc. | C90: Memphis, TN | D90: Jacksonville, FL | E90: Dry van 53 ft | F90: 46318 | G90: 46322 | H90: 693 | I90: 1640 | J90: 319 | M90: =SUM(I90:K90) -> 1959 | N90: =Parameters!$B$7-G90 -> 4 | O90: =IF(N90<=7,"0-7 days",IF(N90<=14,"8-14 days",IF(N90<=30,"15-30 days","Over 30 days"))) -> 0-7 days | P90: Not received
A91: LFL-1047703 | B91: Millrace Logistics Group Inc. | C91: Southaven, MS | D91: Louisville, KY | E91: Dry van 53 ft | F91: 46322 | G91: 46323 | H91: 392 | I91: 1115 | J91: 180 | M91: =SUM(I91:K91) -> 1295 | N91: =Parameters!$B$7-G91 -> 3 | O91: =IF(N91<=7,"0-7 days",IF(N91<=14,"8-14 days",IF(N91<=30,"15-30 days","Over 30 days"))) -> 0-7 days | P91: Not received
A92: LFL-1047730 | B92: Millrace Logistics Group Inc. | C92: Memphis, TN | D92: Atlanta, GA | E92: Dry van 53 ft | F92: 46322 | G92: 46323 | H92: 389 | I92: 1060 | J92: 179 | K92: 100 | L92: Detention 2 hr | M92: =SUM(I92:K92) -> 1339 | N92: =Parameters!$B$7-G92 -> 3 | O92: =IF(N92<=7,"0-7 days",IF(N92<=14,"8-14 days",IF(N92<=30,"15-30 days","Over 30 days"))) -> 0-7 days | P92: Not received
A93: LFL-1047731 | B93: Millrace Logistics Group Inc. | C93: Memphis, TN | D93: Charlotte, NC | E93: Dry van 53 ft | F93: 46322 | G93: 46324 | H93: 620 | I93: 1535 | J93: 285 | M93: =SUM(I93:K93) -> 1820 | N93: =Parameters!$B$7-G93 -> 2 | O93: =IF(N93<=7,"0-7 days",IF(N93<=14,"8-14 days",IF(N93<=30,"15-30 days","Over 30 days"))) -> 0-7 days | P93: Not received
A94: LFL-1047833 | B94: Millrace Logistics Group Inc. | C94: Gary, IN | D94: Nashville, TN | E94: Dry van 53 ft | F94: 46324 | G94: 46325 | H94: 447 | I94: 1245 | J94: 206 | M94: =SUM(I94:K94) -> 1451 | N94: =Parameters!$B$7-G94 -> 1 | O94: =IF(N94<=7,"0-7 days",IF(N94<=14,"8-14 days",IF(N94<=30,"15-30 days","Over 30 days"))) -> 0-7 days | P94: Not received
A95: LFL-1047346 | B95: Foxglove Freight Solutions LLC | C95: Gary, IN | D95: Detroit, MI | E95: Dry van 53 ft | F95: 46314 | G95: 46315 | H95: 262 | I95: 725 | J95: 115 | M95: =SUM(I95:K95) -> 840 | N95: =Parameters!$B$7-G95 -> 11 | O95: =IF(N95<=7,"0-7 days",IF(N95<=14,"8-14 days",IF(N95<=30,"15-30 days","Over 30 days"))) -> 8-14 days | P95: Not received
A96: LFL-1047459 | B96: Foxglove Freight Solutions LLC | C96: Memphis, TN | D96: Little Rock, AR | E96: Dry van 53 ft | F96: 46316 | G96: 46317 | H96: 137 | I96: 635 | J96: 60 | M96: =SUM(I96:K96) -> 695 | N96: =Parameters!$B$7-G96 -> 9 | O96: =IF(N96<=7,"0-7 days",IF(N96<=14,"8-14 days",IF(N96<=30,"15-30 days","Over 30 days"))) -> 8-14 days | P96: Not received
A97: LFL-1047516 | B97: Foxglove Freight Solutions LLC | C97: Olive Branch, MS | D97: St. Louis, MO | E97: Dry van 53 ft | F97: 46317 | G97: 46318 | H97: 300 | I97: 840 | J97: 132 | M97: =SUM(I97:K97) -> 972 | N97: =Parameters!$B$7-G97 -> 8 | O97: =IF(N97<=7,"0-7 days",IF(N97<=14,"8-14 days",IF(N97<=30,"15-30 days","Over 30 days"))) -> 8-14 days | P97: Not received
A98: LFL-1047558 | B98: Foxglove Freight Solutions LLC | C98: Gary, IN | D98: Louisville, KY | E98: Dry van 53 ft | F98: 46318 | G98: 46321 | H98: 290 | I98: 840 | J98: 128 | K98: 75 | L98: Driver assist | M98: =SUM(I98:K98) -> 1043 | N98: =Parameters!$B$7-G98 -> 5 | O98: =IF(N98<=7,"0-7 days",IF(N98<=14,"8-14 days",IF(N98<=30,"15-30 days","Over 30 days"))) -> 0-7 days | P98: Not received
A99: LFL-1047656 | B99: Foxglove Freight Solutions LLC | C99: Gary, IN | D99: Detroit, MI | E99: Dry van 53 ft | F99: 46321 | G99: 46322 | H99: 262 | I99: 720 | J99: 115 | M99: =SUM(I99:K99) -> 835 | N99: =Parameters!$B$7-G99 -> 4 | O99: =IF(N99<=7,"0-7 days",IF(N99<=14,"8-14 days",IF(N99<=30,"15-30 days","Over 30 days"))) -> 0-7 days | P99: Not received
A100: LFL-1047687 | B100: Foxglove Freight Solutions LLC | C100: Memphis, TN | D100: Jackson, MS | E100: Dry van 53 ft | F100: 46321 | G100: 46322 | H100: 211 | I100: 760 | J100: 93 | M100: =SUM(I100:K100) -> 853 | N100: =Parameters!$B$7-G100 -> 4 | O100: =IF(N100<=7,"0-7 days",IF(N100<=14,"8-14 days",IF(N100<=30,"15-30 days","Over 30 days"))) -> 0-7 days | P100: Not received
...

Sheet By Broker
A1: Broker | B1: Billing | C1: Loads | D1: Linehaul | E1: Fuel surcharge | F1: Accessorials | G1: Total | H1: % of total | I1: Avg per load | J1: On hold
A2: Ironbridge Logistics Brokerage LLC | B2: Monthly statement | C2: =COUNTIF('Load Detail'!$B$2:$B$103,$A2) -> 13 | D2: =SUMIF('Load Detail'!$B$2:$B$103,$A2,'Load Detail'!$I$2:$I$103) -> 20275 | E2: =SUMIF('Load Detail'!$B$2:$B$103,$A2,'Load Detail'!$J$2:$J$103) -> 4212 | F2: =SUMIF('Load Detail'!$B$2:$B$103,$A2,'Load Detail'!$K$2:$K$103) -> 340 | G2: =SUM(D2:F2) -> 24827 | H2: =IF($G$9=0,0,G2/$G$9) -> 0.13317777 | I2: =IF(C2=0,0,G2/C2) -> 1909.7692 | J2: =COUNTIFS('Load Detail'!$B$2:$B$103,$A2,'Load Detail'!$P$2:$P$103,"Received, on hold") -> 0
A3: Copperline Freight Brokerage Inc. | B3: Per load | C3: =COUNTIF('Load Detail'!$B$2:$B$103,$A3) -> 21 | D3: =SUMIF('Load Detail'!$B$2:$B$103,$A3,'Load Detail'!$I$2:$I$103) -> 29810 | E3: =SUMIF('Load Detail'!$B$2:$B$103,$A3,'Load Detail'!$J$2:$J$103) -> 5613 | F3: =SUMIF('Load Detail'!$B$2:$B$103,$A3,'Load Detail'!$K$2:$K$103) -> 575 | G3: =SUM(D3:F3) -> 35998 | H3: =IF($G$9=0,0,G3/$G$9) -> 0.1931016 | I3: =IF(C3=0,0,G3/C3) -> 1714.1905 | J3: =COUNTIFS('Load Detail'!$B$2:$B$103,$A3,'Load Detail'!$P$2:$P$103,"Received, on hold") -> 1
A4: Kestrel Lane Logistics LLC | B4: Per load | C4: =COUNTIF('Load Detail'!$B$2:$B$103,$A4) -> 18 | D4: =SUMIF('Load Detail'!$B$2:$B$103,$A4,'Load Detail'!$I$2:$I$103) -> 28140 | E4: =SUMIF('Load Detail'!$B$2:$B$103,$A4,'Load Detail'!$J$2:$J$103) -> 5487 | F4: =SUMIF('Load Detail'!$B$2:$B$103,$A4,'Load Detail'!$K$2:$K$103) -> 250 | G4: =SUM(D4:F4) -> 33877 | H4: =IF($G$9=0,0,G4/$G$9) -> 0.18172406 | I4: =IF(C4=0,0,G4/C4) -> 1882.0556 | J4: =COUNTIFS('Load Detail'!$B$2:$B$103,$A4,'Load Detail'!$P$2:$P$103,"Received, on hold") -> 1
A5: Sable Creek Freight Partners LLC | B5: Per load | C5: =COUNTIF('Load Detail'!$B$2:$B$103,$A5) -> 15 | D5: =SUMIF('Load Detail'!$B$2:$B$103,$A5,'Load Detail'!$I$2:$I$103) -> 31555 | E5: =SUMIF('Load Detail'!$B$2:$B$103,$A5,'Load Detail'!$J$2:$J$103) -> 6241 | F5: =SUMIF('Load Detail'!$B$2:$B$103,$A5,'Load Detail'!$K$2:$K$103) -> 960 | G5: =SUM(D5:F5) -> 38756 | H5: =IF($G$9=0,0,G5/$G$9) -> 0.20789615 | I5: =IF(C5=0,0,G5/C5) -> 2583.7333 | J5: =COUNTIFS('Load Detail'!$B$2:$B$103,$A5,'Load Detail'!$P$2:$P$103,"Received, on hold") -> 1
A6: Larkfield Transport Brokerage LLC | B6: Per load | C6: =COUNTIF('Load Detail'!$B$2:$B$103,$A6) -> 14 | D6: =SUMIF('Load Detail'!$B$2:$B$103,$A6,'Load Detail'!$I$2:$I$103) -> 22850 | E6: =SUMIF('Load Detail'!$B$2:$B$103,$A6,'Load Detail'!$J$2:$J$103) -> 4440 | F6: =SUMIF('Load Detail'!$B$2:$B$103,$A6,'Load Detail'!$K$2:$K$103) -> 225 | G6: =SUM(D6:F6) -> 27515 | H6: =IF($G$9=0,0,G6/$G$9) -> 0.14759682 | I6: =IF(C6=0,0,G6/C6) -> 1965.3571 | J6: =COUNTIFS('Load Detail'!$B$2:$B$103,$A6,'Load Detail'!$P$2:$P$103,"Received, on hold") -> 1
A7: Millrace Logistics Group Inc. | B7: Per load | C7: =COUNTIF('Load Detail'!$B$2:$B$103,$A7) -> 12 | D7: =SUMIF('Load Detail'!$B$2:$B$103,$A7,'Load Detail'!$I$2:$I$103) -> 14815 | E7: =SUMIF('Load Detail'!$B$2:$B$103,$A7,'Load Detail'!$J$2:$J$103) -> 2560 | F7: =SUMIF('Load Detail'!$B$2:$B$103,$A7,'Load Detail'!$K$2:$K$103) -> 325 | G7: =SUM(D7:F7) -> 17700 | H7: =IF($G$9=0,0,G7/$G$9) -> 0.094946894 | I7: =IF(C7=0,0,G7/C7) -> 1475 | J7: =COUNTIFS('Load Detail'!$B$2:$B$103,$A7,'Load Detail'!$P$2:$P$103,"Received, on hold") -> 0
A8: Foxglove Freight Solutions LLC | B8: Per load | C8: =COUNTIF('Load Detail'!$B$2:$B$103,$A8) -> 9 | D8: =SUMIF('Load Detail'!$B$2:$B$103,$A8,'Load Detail'!$I$2:$I$103) -> 6745 | E8: =SUMIF('Load Detail'!$B$2:$B$103,$A8,'Load Detail'!$J$2:$J$103) -> 927 | F8: =SUMIF('Load Detail'!$B$2:$B$103,$A8,'Load Detail'!$K$2:$K$103) -> 75 | G8: =SUM(D8:F8) -> 7747 | H8: =IF($G$9=0,0,G8/$G$9) -> 0.0415567 | I8: =IF(C8=0,0,G8/C8) -> 860.77778 | J8: =COUNTIFS('Load Detail'!$B$2:$B$103,$A8,'Load Detail'!$P$2:$P$103,"Received, on hold") -> 0
A9: Total | C9: =SUM(C2:C8) -> 102 | D9: =SUM(D2:D8) -> 154190 | E9: =SUM(E2:E8) -> 29480 | F9: =SUM(F2:F8) -> 2750 | G9: =SUM(G2:G8) -> 186420 | H9: =SUM(H2:H8) -> 1 | I9: =IF(C9=0,0,G9/C9) -> 1827.6471 | J9: =SUM(J2:J8) -> 4
A11: Check: agrees to Load Detail | C11: =C9-'Load Detail'!B105 -> 0 | G11: =G9-'Load Detail'!M105 -> 0

Sheet Aging
A1: Aging bucket | B1: Days from | C1: Days to | D1: Loads | E1: Amount | F1: % of amount
A2: 0-7 days | B2: 0 | C2: 7 | D2: =COUNTIFS('Load Detail'!$N$2:$N$103,">="&B2,'Load Detail'!$N$2:$N$103,"<="&C2) -> 46 | E2: =SUMIFS('Load Detail'!$M$2:$M$103,'Load Detail'!$N$2:$N$103,">="&B2,'Load Detail'!$N$2:$N$103,"<="&C2) -> 81360 | F2: =IF($E$6=0,0,E2/$E$6) -> 0.43643386
A3: 8-14 days | B3: 8 | C3: 14 | D3: =COUNTIFS('Load Detail'!$N$2:$N$103,">="&B3,'Load Detail'!$N$2:$N$103,"<="&C3) -> 37 | E3: =SUMIFS('Load Detail'!$M$2:$M$103,'Load Detail'!$N$2:$N$103,">="&B3,'Load Detail'!$N$2:$N$103,"<="&C3) -> 67029 | F3: =IF($E$6=0,0,E3/$E$6) -> 0.35955906
A4: 15-30 days | B4: 15 | C4: 30 | D4: =COUNTIFS('Load Detail'!$N$2:$N$103,">="&B4,'Load Detail'!$N$2:$N$103,"<="&C4) -> 18 | E4: =SUMIFS('Load Detail'!$M$2:$M$103,'Load Detail'!$N$2:$N$103,">="&B4,'Load Detail'!$N$2:$N$103,"<="&C4) -> 36119 | F4: =IF($E$6=0,0,E4/$E$6) -> 0.19375067
A5: Over 30 days | B5: 31 | D5: =COUNTIFS('Load Detail'!$N$2:$N$103,">="&B5) -> 1 | E5: =SUMIFS('Load Detail'!$M$2:$M$103,'Load Detail'!$N$2:$N$103,">="&B5) -> 1912 | F5: =IF($E$6=0,0,E5/$E$6) -> 0.01025641
A6: Total | D6: =SUM(D2:D5) -> 102 | E6: =SUM(E2:E5) -> 186420 | F6: =SUM(F2:F5) -> 1
A8: Broker | B8: 0-7 days | C8: 8-14 days | D8: 15-30 days | E8: Over 30 days | F8: Total
A9: ='By Broker'!A2 -> Ironbridge Logistics Brokerage LLC | B9: =SUMIFS('Load Detail'!$M$2:$M$103,'Load Detail'!$B$2:$B$103,$A9,'Load Detail'!$O$2:$O$103,B$8) -> 5368 | C9: =SUMIFS('Load Detail'!$M$2:$M$103,'Load Detail'!$B$2:$B$103,$A9,'Load Detail'!$O$2:$O$103,C$8) -> 6007 | D9: =SUMIFS('Load Detail'!$M$2:$M$103,'Load Detail'!$B$2:$B$103,$A9,'Load Detail'!$O$2:$O$103,D$8) -> 13452 | E9: =SUMIFS('Load Detail'!$M$2:$M$103,'Load Detail'!$B$2:$B$103,$A9,'Load Detail'!$O$2:$O$103,E$8) -> 0 | F9: =SUM(B9:E9) -> 24827
A10: ='By Broker'!A3 -> Copperline Freight Brokerage Inc. | B10: =SUMIFS('Load Detail'!$M$2:$M$103,'Load Detail'!$B$2:$B$103,$A10,'Load Detail'!$O$2:$O$103,B$8) -> 17858 | C10: =SUMIFS('Load Detail'!$M$2:$M$103,'Load Detail'!$B$2:$B$103,$A10,'Load Detail'!$O$2:$O$103,C$8) -> 12562 | D10: =SUMIFS('Load Detail'!$M$2:$M$103,'Load Detail'!$B$2:$B$103,$A10,'Load Detail'!$O$2:$O$103,D$8) -> 3666 | E10: =SUMIFS('Load Detail'!$M$2:$M$103,'Load Detail'!$B$2:$B$103,$A10,'Load Detail'!$O$2:$O$103,E$8) -> 1912 | F10: =SUM(B10:E10) -> 35998
A11: ='By Broker'!A4 -> Kestrel Lane Logistics LLC | B11: =SUMIFS('Load Detail'!$M$2:$M$103,'Load Detail'!$B$2:$B$103,$A11,'Load Detail'!$O$2:$O$103,B$8) -> 14327 | C11: =SUMIFS('Load Detail'!$M$2:$M$103,'Load Detail'!$B$2:$B$103,$A11,'Load Detail'!$O$2:$O$103,C$8) -> 14262 | D11: =SUMIFS('Load Detail'!$M$2:$M$103,'Load Detail'!$B$2:$B$103,$A11,'Load Detail'!$O$2:$O$103,D$8) -> 5288 | E11: =SUMIFS('Load Detail'!$M$2:$M$103,'Load Detail'!$B$2:$B$103,$A11,'Load Detail'!$O$2:$O$103,E$8) -> 0 | F11: =SUM(B11:E11) -> 33877
A12: ='By Broker'!A5 -> Sable Creek Freight Partners LLC | B12: =SUMIFS('Load Detail'!$M$2:$M$103,'Load Detail'!$B$2:$B$103,$A12,'Load Detail'!$O$2:$O$103,B$8) -> 18180 | C12: =SUMIFS('Load Detail'!$M$2:$M$103,'Load Detail'!$B$2:$B$103,$A12,'Load Detail'!$O$2:$O$103,C$8) -> 12893 | D12: =SUMIFS('Load Detail'!$M$2:$M$103,'Load Detail'!$B$2:$B$103,$A12,'Load Detail'!$O$2:$O$103,D$8) -> 7683 | E12: =SUMIFS('Load Detail'!$M$2:$M$103,'Load Detail'!$B$2:$B$103,$A12,'Load Detail'!$O$2:$O$103,E$8) -> 0 | F12: =SUM(B12:E12) -> 38756
A13: ='By Broker'!A6 -> Larkfield Transport Brokerage LLC | B13: =SUMIFS('Load Detail'!$M$2:$M$103,'Load Detail'!$B$2:$B$103,$A13,'Load Detail'!$O$2:$O$103,B$8) -> 11652 | C13: =SUMIFS('Load Detail'!$M$2:$M$103,'Load Detail'!$B$2:$B$103,$A13,'Load Detail'!$O$2:$O$103,C$8) -> 11887 | D13: =SUMIFS('Load Detail'!$M$2:$M$103,'Load Detail'!$B$2:$B$103,$A13,'Load Detail'!$O$2:$O$103,D$8) -> 3976 | E13: =SUMIFS('Load Detail'!$M$2:$M$103,'Load Detail'!$B$2:$B$103,$A13,'Load Detail'!$O$2:$O$103,E$8) -> 0 | F13: =SUM(B13:E13) -> 27515
A14: ='By Broker'!A7 -> Millrace Logistics Group Inc. | B14: =SUMIFS('Load Detail'!$M$2:$M$103,'Load Detail'!$B$2:$B$103,$A14,'Load Detail'!$O$2:$O$103,B$8) -> 8735 | C14: =SUMIFS('Load Detail'!$M$2:$M$103,'Load Detail'!$B$2:$B$103,$A14,'Load Detail'!$O$2:$O$103,C$8) -> 6911 | D14: =SUMIFS('Load Detail'!$M$2:$M$103,'Load Detail'!$B$2:$B$103,$A14,'Load Detail'!$O$2:$O$103,D$8) -> 2054 | E14: =SUMIFS('Load Detail'!$M$2:$M$103,'Load Detail'!$B$2:$B$103,$A14,'Load Detail'!$O$2:$O$103,E$8) -> 0 | F14: =SUM(B14:E14) -> 17700
A15: ='By Broker'!A8 -> Foxglove Freight Solutions LLC | B15: =SUMIFS('Load Detail'!$M$2:$M$103,'Load Detail'!$B$2:$B$103,$A15,'Load Detail'!$O$2:$O$103,B$8) -> 5240 | C15: =SUMIFS('Load Detail'!$M$2:$M$103,'Load Detail'!$B$2:$B$103,$A15,'Load Detail'!$O$2:$O$103,C$8) -> 2507 | D15: =SUMIFS('Load Detail'!$M$2:$M$103,'Load Detail'!$B$2:$B$103,$A15,'Load Detail'!$O$2:$O$103,D$8) -> 0 | E15: =SUMIFS('Load Detail'!$M$2:$M$103,'Load Detail'!$B$2:$B$103,$A15,'Load Detail'!$O$2:$O$103,E$8) -> 0 | F15: =SUM(B15:E15) -> 7747
A16: Total | B16: =SUM(B9:B15) -> 81360 | C16: =SUM(C9:C15) -> 67029 | D16: =SUM(D9:D15) -> 36119 | E16: =SUM(E9:E15) -> 1912 | F16: =SUM(F9:F15) -> 186420
A18: Check: agrees to bucket table | F18: =F16-E6 -> 0

Sheet Parameters
A1: Parameter | B1: Value
A2: Report | B2: Unbilled Broker Loads
A3: Company | B3: Lakeshore Freight Logistics
A4: Source | B4: TMS freight pay, carrier cost accrual
A5: Accrual period | B5: OCT-26
A6: Period start | B6: 46296
A7: As-of date (period end) | B7: 46326
A8: Generated | B8: 46325.578
A9: Time zone | B9: America/Chicago (CT)
A10: Generated by | B10: mkeane
A11: Carrier type | B11: Freight broker (third party)
A12: Mode | B12: Truckload: dry van, reefer, power only
A13: Load status | B13: Delivered, delivery date on or before the as-of date
A14: Freight bill status | B14: No approved broker invoice: not received, monthly statement pending, or received and on hold
A15: Excluded | B15: Company-driver loads, loads with an approved broker invoice, cancelled loads
A16: Amount basis | B16: Rate confirmation: linehaul, fuel surcharge and approved accessorials
A17: Currency | B17: USD
A18: GL debit | B18: 5120-000 Purchased Transportation, Brokers
A19: GL credit | B19: 2150-000 Accrued Freight
A20: Reversal | B20: Auto-reverses on day 1 of the next period (NOV-26)
... A35: Freight pay note | B35: Audit note on a held broker invoice
